<?xml version="1.0" encoding="UTF-8"?>
<!DOCTYPE glassfish-ejb-jar PUBLIC "-//GlassFish.org//DTD GlassFish Application Server 3.1 EJB 3.1//EN" "http://glassfish.org/dtds/glassfish-ejb-jar_3_1-1.dtd">
<glassfish-ejb-jar>
  <enterprise-beans>
    <ejb>
      <ejb-name>IqjbScheduler</ejb-name>
      <resource-ref>
        <res-ref-name>jms/iqjbFactory</res-ref-name>
        <jndi-name>jms/iqjbFactory</jndi-name>
      </resource-ref>
      <message-destination-ref>
        <message-destination-ref-name>jms/iqjb</message-destination-ref-name>
        <jndi-name>jms/iqjb</jndi-name>
      </message-destination-ref>
    </ejb>
  </enterprise-beans>
</glassfish-ejb-jar>
